{
	"info": {
		"name": "userbank",
		"_postman_id": "e47d6f8e-7e76-06db-2af1-4ee4ed073f71",
		"description": "",
		"schema": "https://schema.getpostman.com/json/collection/v2.1.0/collection.json"
	},
	"item": [
		{
			"name": "CRUD",
			"description": "",
			"item": [
				{
					"name": "Group",
					"description": "",
					"item": [
						{
							"name": "Create",
							"request": {
								"method": "POST",
								"header": [
									{
										"key": "Content-Type",
										"value": "application/x-www-form-urlencoded"
									}
								],
								"body": {
									"mode": "urlencoded",
									"urlencoded": [
										{
											"key": "name",
											"value": "macman",
											"type": "text",
											"description": ""
										},
										{
											"key": "display_name",
											"value": "Macman",
											"type": "text",
											"description": ""
										},
										{
											"key": "description",
											"value": "Machine Management",
											"type": "text",
											"description": ""
										}
									]
								},
								"url": {
									"raw": "{{host}}:{{port}}/group/create",
									"host": [
										"{{host}}"
									],
									"port": "{{port}}",
									"path": [
										"group",
										"create"
									]
								},
								"description": "Create new group for an app in userbank, if exists return error"
							},
							"response": []
						}
					],
					"_postman_isSubFolder": true
				},
				{
					"name": "Role",
					"description": "",
					"item": [
						{
							"name": "Create",
							"request": {
								"method": "POST",
								"header": [
									{
										"key": "Content-Type",
										"value": "application/x-www-form-urlencoded"
									}
								],
								"body": {
									"mode": "urlencoded",
									"urlencoded": [
										{
											"key": "name",
											"value": "pd_su",
											"type": "text",
											"description": ""
										},
										{
											"key": "display_name",
											"value": "Pandora Superuser",
											"type": "text",
											"description": ""
										},
										{
											"key": "description",
											"value": "All Permission access",
											"type": "text",
											"description": ""
										},
										{
											"key": "group_name",
											"value": "pandora",
											"description": "",
											"type": "text"
										},
										{
											"key": "group_api",
											"value": "db83900c9854ec346dc6ad470cc7473c3d2a461331dbad41feeac16951c5f5a3",
											"description": "",
											"type": "text"
										}
									]
								},
								"url": {
									"raw": "{{host}}:{{port}}/role/create",
									"host": [
										"{{host}}"
									],
									"port": "{{port}}",
									"path": [
										"role",
										"create"
									]
								},
								"description": "Create new role inside group for an app in userbank, if exists return error"
							},
							"response": []
						},
						{
							"name": "Add Permission",
							"request": {
								"method": "POST",
								"header": [
									{
										"key": "Content-Type",
										"value": "application/x-www-form-urlencoded"
									}
								],
								"body": {
									"mode": "urlencoded",
									"urlencoded": [
										{
											"key": "name",
											"value": "smfm_list",
											"type": "text",
											"description": ""
										},
										{
											"key": "role",
											"value": "pd_su",
											"type": "text",
											"description": ""
										},
										{
											"key": "group_api",
											"value": "db83900c9854ec346dc6ad470cc7473c3d2a461331dbad41feeac16951c5f5a3",
											"type": "text",
											"description": ""
										}
									]
								},
								"url": {
									"raw": "{{host}}:{{port}}/role/permission/add",
									"host": [
										"{{host}}"
									],
									"port": "{{port}}",
									"path": [
										"role",
										"permission",
										"add"
									]
								},
								"description": "Create new user in userbank, if exists return error"
							},
							"response": []
						}
					],
					"_postman_isSubFolder": true
				},
				{
					"name": "User",
					"description": "",
					"item": [
						{
							"name": "Create",
							"request": {
								"method": "POST",
								"header": [
									{
										"key": "Content-Type",
										"value": "application/x-www-form-urlencoded"
									}
								],
								"body": {
									"mode": "urlencoded",
									"urlencoded": [
										{
											"key": "username",
											"value": "16807494",
											"type": "text",
											"description": ""
										},
										{
											"key": "name",
											"value": "Mohamad Irfan",
											"type": "text",
											"description": ""
										},
										{
											"key": "password",
											"value": "sein2017",
											"type": "text",
											"description": ""
										}
									]
								},
								"url": {
									"raw": "{{host}}:{{port}}/user/create",
									"host": [
										"{{host}}"
									],
									"port": "{{port}}",
									"path": [
										"user",
										"create"
									]
								},
								"description": "Create new user in userbank, if exists return error"
							},
							"response": []
						},
						{
							"name": "Add Role",
							"request": {
								"method": "POST",
								"header": [
									{
										"key": "Content-Type",
										"value": "application/x-www-form-urlencoded"
									}
								],
								"body": {
									"mode": "urlencoded",
									"urlencoded": [
										{
											"key": "username",
											"value": "16807494",
											"type": "text",
											"description": ""
										},
										{
											"key": "role",
											"value": "pd_su",
											"type": "text",
											"description": ""
										},
										{
											"key": "group_api",
											"value": "db83900c9854ec346dc6ad470cc7473c3d2a461331dbad41feeac16951c5f5a3",
											"type": "text",
											"description": ""
										}
									]
								},
								"url": {
									"raw": "{{host}}:{{port}}/user/role/add",
									"host": [
										"{{host}}"
									],
									"port": "{{port}}",
									"path": [
										"user",
										"role",
										"add"
									]
								},
								"description": "Create new user in userbank, if exists return error"
							},
							"response": []
						},
						{
							"name": "Update Password",
							"request": {
								"method": "POST",
								"header": [
									{
										"key": "Content-Type",
										"value": "application/x-www-form-urlencoded"
									}
								],
								"body": {
									"mode": "urlencoded",
									"urlencoded": [
										{
											"key": "username",
											"value": "16807494",
											"type": "text",
											"description": ""
										},
										{
											"key": "old_password",
											"value": "sein2018",
											"type": "text",
											"description": ""
										},
										{
											"key": "new_password",
											"value": "sein2017",
											"type": "text",
											"description": ""
										}
									]
								},
								"url": {
									"raw": "{{host}}:{{port}}/user/update/password",
									"host": [
										"{{host}}"
									],
									"port": "{{port}}",
									"path": [
										"user",
										"update",
										"password"
									]
								},
								"description": "Edit user password in userbank, if exists return error"
							},
							"response": []
						}
					],
					"_postman_isSubFolder": true
				},
				{
					"name": "Permission",
					"description": "",
					"item": [
						{
							"name": "Create",
							"request": {
								"method": "POST",
								"header": [
									{
										"key": "Content-Type",
										"value": "application/x-www-form-urlencoded"
									}
								],
								"body": {
									"mode": "urlencoded",
									"urlencoded": [
										{
											"key": "name",
											"value": "smfm_list",
											"type": "text",
											"description": ""
										},
										{
											"key": "display_name",
											"value": "Display S-MFM Checklist",
											"type": "text",
											"description": ""
										}
									]
								},
								"url": {
									"raw": "{{host}}:{{port}}/permission/create",
									"host": [
										"{{host}}"
									],
									"port": "{{port}}",
									"path": [
										"permission",
										"create"
									]
								},
								"description": "Create new permission in userbank, if exists return error"
							},
							"response": []
						}
					],
					"_postman_isSubFolder": true
				}
			]
		},
		{
			"name": "Auth",
			"description": "",
			"item": [
				{
					"name": "Group",
					"description": "",
					"item": [
						{
							"name": "Api Key",
							"request": {
								"method": "POST",
								"header": [
									{
										"key": "Content-Type",
										"value": "application/x-www-form-urlencoded"
									}
								],
								"body": {
									"mode": "urlencoded",
									"urlencoded": [
										{
											"key": "name",
											"value": "pandora",
											"description": "",
											"type": "text"
										},
										{
											"key": "api_key",
											"value": "db83900c9854ec346dc6ad470cc7473c3d2a461331dbad41feeac16951c5f5a3",
											"description": "",
											"type": "text"
										}
									]
								},
								"url": {
									"raw": "{{host}}:{{port}}/group/auth_api_key",
									"host": [
										"{{host}}"
									],
									"port": "{{port}}",
									"path": [
										"group",
										"auth_api_key"
									]
								},
								"description": "Group Api Key Auth Token"
							},
							"response": []
						}
					],
					"_postman_isSubFolder": true
				},
				{
					"name": "User",
					"description": "",
					"item": [
						{
							"name": "Login Token",
							"request": {
								"method": "POST",
								"header": [
									{
										"key": "Content-Type",
										"value": "application/x-www-form-urlencoded"
									}
								],
								"body": {
									"mode": "urlencoded",
									"urlencoded": [
										{
											"key": "username",
											"value": "16807494",
											"description": "",
											"type": "text"
										},
										{
											"key": "token",
											"value": "f5b9afce9c6b04af24f3b8b3964517f7a93b26ebd4af509d07f32f9f5be6511b",
											"description": "",
											"type": "text"
										}
									]
								},
								"url": {
									"raw": "{{host}}:{{port}}/user/auth/token",
									"host": [
										"{{host}}"
									],
									"port": "{{port}}",
									"path": [
										"user",
										"auth",
										"token"
									]
								},
								"description": "Auth User Login Token"
							},
							"response": []
						},
						{
							"name": "Check Role",
							"request": {
								"method": "POST",
								"header": [
									{
										"key": "Content-Type",
										"value": "application/x-www-form-urlencoded"
									}
								],
								"body": {
									"mode": "urlencoded",
									"urlencoded": [
										{
											"key": "username",
											"value": "16807494",
											"description": "",
											"type": "text"
										},
										{
											"key": "role",
											"value": "pd_su",
											"description": "",
											"type": "text"
										}
									]
								},
								"url": {
									"raw": "{{host}}:{{port}}/user/auth/role",
									"host": [
										"{{host}}"
									],
									"port": "{{port}}",
									"path": [
										"user",
										"auth",
										"role"
									]
								},
								"description": "Auth User Login Token"
							},
							"response": []
						},
						{
							"name": "Check Permission",
							"request": {
								"method": "POST",
								"header": [
									{
										"key": "Content-Type",
										"value": "application/x-www-form-urlencoded"
									}
								],
								"body": {
									"mode": "urlencoded",
									"urlencoded": [
										{
											"key": "username",
											"value": "16807494",
											"description": "",
											"type": "text"
										},
										{
											"key": "permission",
											"value": "machines_list",
											"description": "",
											"type": "text"
										},
										{
											"key": "group_api",
											"value": "db83900c9854ec346dc6ad470cc7473c3d2a461331dbad41feeac16951c5f5a3",
											"description": "",
											"type": "text"
										}
									]
								},
								"url": {
									"raw": "{{host}}:{{port}}/user/auth/permission",
									"host": [
										"{{host}}"
									],
									"port": "{{port}}",
									"path": [
										"user",
										"auth",
										"permission"
									]
								},
								"description": "Auth User Login Token"
							},
							"response": []
						},
						{
							"name": "Login Password",
							"request": {
								"method": "POST",
								"header": [
									{
										"key": "Content-Type",
										"value": "application/x-www-form-urlencoded"
									}
								],
								"body": {
									"mode": "urlencoded",
									"urlencoded": [
										{
											"key": "username",
											"value": "16807494",
											"description": "",
											"type": "text"
										},
										{
											"key": "password",
											"value": "sein2017",
											"description": "",
											"type": "text"
										}
									]
								},
								"url": {
									"raw": "{{host}}:{{port}}/user/auth/password",
									"host": [
										"{{host}}"
									],
									"port": "{{port}}",
									"path": [
										"user",
										"auth",
										"password"
									]
								},
								"description": "Auth User Password"
							},
							"response": []
						}
					],
					"_postman_isSubFolder": true
				}
			]
		}
	]
}