<?xml version="1.0" encoding="UTF-8"?><?xml-stylesheet type='text/xsl' href='_UpgradeReport_Files/UpgradeReport.xslt'?><UpgradeLog>
<Properties><Property Name="Solution" Value="WindowsApplication3">
</Property><Property Name="Solution File" Value="D:\Projects\Project Personal\OCR5.6 source code\WindowsApplication3.sln">
</Property><Property Name="User Options File" Value="D:\Projects\Project Personal\OCR5.6 source code\WindowsApplication3.suo">
</Property><Property Name="Date" Value="Friday, February 18, 2011">
</Property><Property Name="Time" Value="23:46 PM">
</Property></Properties><Event ErrorLevel="0" Project="" Source="WindowsApplication3.sln" Description="File successfully backed up as D:\Projects\Project Personal\OCR5.6 source code\Backup\WindowsApplication3.sln">
</Event><Event ErrorLevel="0" Project="" Source="WindowsApplication3.suo" Description="File successfully backed up as D:\Projects\Project Personal\OCR5.6 source code\Backup\WindowsApplication3.suo">
</Event><Event ErrorLevel="0" Project="WindowsApplication3" Source="WindowsApplication3.csproj" Description="Project file successfully backed up as D:\Projects\Project Personal\OCR5.6 source code\Backup\WindowsApplication3.csproj">
</Event><Event ErrorLevel="0" Project="WindowsApplication3" Source="WindowsApplication3.csproj.user" Description="Project user file successfully backed up as D:\Projects\Project Personal\OCR5.6 source code\Backup\WindowsApplication3.csproj.user">
</Event><Event ErrorLevel="0" Project="WindowsApplication3" Source="AssemblyInfo.cs" Description="File successfully backed up as D:\Projects\Project Personal\OCR5.6 source code\Backup\AssemblyInfo.cs">
</Event><Event ErrorLevel="0" Project="WindowsApplication3" Source="cfeature_vector.cs" Description="File successfully backed up as D:\Projects\Project Personal\OCR5.6 source code\Backup\cfeature_vector.cs">
</Event><Event ErrorLevel="0" Project="WindowsApplication3" Source="cpixel_node.cs" Description="File successfully backed up as D:\Projects\Project Personal\OCR5.6 source code\Backup\cpixel_node.cs">
</Event><Event ErrorLevel="0" Project="WindowsApplication3" Source="csector_node.cs" Description="File successfully backed up as D:\Projects\Project Personal\OCR5.6 source code\Backup\csector_node.cs">
</Event><Event ErrorLevel="0" Project="WindowsApplication3" Source="ctrack_node.cs" Description="File successfully backed up as D:\Projects\Project Personal\OCR5.6 source code\Backup\ctrack_node.cs">
</Event><Event ErrorLevel="0" Project="WindowsApplication3" Source="Form1.cs" Description="File successfully backed up as D:\Projects\Project Personal\OCR5.6 source code\Backup\Form1.cs">
</Event><Event ErrorLevel="0" Project="WindowsApplication3" Source="app.config" Description="File successfully backed up as D:\Projects\Project Personal\OCR5.6 source code\Backup\app.config">
</Event><Event ErrorLevel="0" Project="WindowsApplication3" Source="Form2.cs" Description="File successfully backed up as D:\Projects\Project Personal\OCR5.6 source code\Backup\Form2.cs">
</Event><Event ErrorLevel="0" Project="WindowsApplication3" Source="App.ico" Description="File successfully backed up as D:\Projects\Project Personal\OCR5.6 source code\Backup\App.ico">
</Event><Event ErrorLevel="0" Project="WindowsApplication3" Source="Form1.resx" Description="File successfully backed up as D:\Projects\Project Personal\OCR5.6 source code\Backup\Form1.resx">
</Event><Event ErrorLevel="0" Project="WindowsApplication3" Source="Form2.resx" Description="File successfully backed up as D:\Projects\Project Personal\OCR5.6 source code\Backup\Form2.resx">
</Event><Event ErrorLevel="0" Project="WindowsApplication3" Source="WindowsApplication3.csproj" Description="Project converted successfully">
</Event><Event ErrorLevel="3" Project="WindowsApplication3" Source="WindowsApplication3.csproj" Description="Converted">
</Event><Event ErrorLevel="0" Project="" Source="WindowsApplication3.sln" Description="Solution converted successfully">
</Event><Event ErrorLevel="3" Project="" Source="WindowsApplication3.sln" Description="Converted">
</Event><Event ErrorLevel="0" Project="WindowsApplication3" Source="WindowsApplication3.csproj" Description="Scan complete: Upgrade not required for project files.">
</Event></UpgradeLog>